Cable 1 Input,Cable 2 Input,Cable 3 Input,x,y,z
15,14,10,5.26040715396756,-5.127905701300295,166.12320762704383
32,3,9,36.30260928999527,5.0938210763176155,163.80165825217964
35,33,3,23.970276781345095,-31.601092877617607,159.99164510769492
30,28,30,13.17655152439879,0.8339547976526571,162.5097476978918
36,19,20,25.250117738729568,-7.703590251854214,157.27561843002383
25,35,33,-3.5570400007524685,-2.967216761830505,160.04627863669884
19,14,9,12.250392291032568,-4.239717062764576,168.36625705891754
18,32,1,3.799458405676619,-33.38522196161617,163.0543128594095
15,17,19,1.2890437306499634,-4.9774497342413735,169.76262096835862
29,33,30,1.451569740138298,-7.547487146272861,154.55532735389338
27,21,23,10.176239156613041,1.1928760975596446,159.99618044901462
16,14,6,10.370750925797278,-7.250037601477181,167.01619126171906
35,28,26,14.304577490197646,-3.1702573783037478,154.28221681116102
11,14,25,-1.3193190262027072,4.870484281637188,165.71373158862212
24,21,35,0.9122225874877716,13.858475958178934,156.47302963389654
19,16,32,-2.522190709267777,15.096934878385706,158.84507188195084
8,2,27,-4.413321232935673,26.749099931942474,163.37749973635925
16,24,36,-14.173499786634205,13.150603792053431,157.67017973359094
15,18,27,-5.332290901981814,12.790008098094876,161.5451213434252
33,4,14,27.334278664994695,10.9042745846287,165.0106174831665
29,2,29,21.566744928455016,27.941991837266556,157.7034281155875
21,34,23,1.36040972089824,-6.504040719405522,167.63354483940518
30,1,11,29.742369905540535,8.37147288051006,169.20087521733785
17,23,20,1.0447263295085458,-2.8261785108125412,169.16421809209692
25,1,3,28.88323876776061,2.6783519250471546,170.9636633659233
31,19,0,30.87039411080851,-20.56950821238063,160.39529071194556
2,27,16,-12.550909369774333,-17.421539841573942,173.4581726560487
17,22,27,-7.201773487356705,-0.37726286155340993,162.31782832963066
20,31,7,1.209922706907453,-23.355287158652963,163.56221665996256
13,2,4,13.832956539410041,-6.327076469909841,173.65115968006094
6,27,22,-19.40441023593565,-4.462401077055129,166.18269554805994
0,24,27,-28.31586279027239,1.7767077399974451,160.17736497509418
23,7,27,2.2875595247121057,17.907145059847604,167.7627386830957
11,35,30,-22.836239068197187,-3.387998304318179,162.45474532366154
31,18,20,16.541140720596932,4.612515599014884,170.32528826484247
8,2,1,14.278675596487012,0.7348882855127894,173.07160263241894
27,7,21,20.51200898752245,15.026499394682965,160.84836790460156
4,27,9,-10.634860239238373,-13.953975924587777,175.47545625020015
25,16,27,6.7311671555124235,10.225255141281428,165.18177155791525
14,31,31,-17.21019853708935,-3.208275220733878,162.17977204091267
20,15,4,10.619550669301455,-9.384761017353728,171.94149530702546
32,34,29,2.689260126504389,-7.0964863330063634,154.39888098017997
35,27,20,21.81762985844814,-8.52656371108837,157.03970693317405
32,10,16,23.692149749727065,1.8360469437202314,160.06147195685335
6,20,7,-0.338197732291771,-10.59025746800248,172.03158017317872
31,14,20,20.89357359210008,5.081972392298667,162.9417161782155
2,23,25,-18.866427366809855,2.080494559861412,172.43002218223103
27,24,18,9.37614291069191,-4.842160762047353,165.2278651724042
17,34,7,-3.311350436227762,-27.713224739487593,162.47404574130698
12,8,32,-7.025907600456163,17.04336098394057,174.32319036758955
16,23,30,-8.889317250412876,4.1977356518859015,161.3308336558872
34,29,28,12.651933534147595,3.1058281100904392,156.77829296490603
9,6,13,5.651036156857076,4.294327841520565,169.59763707793343
23,28,28,-3.618603929571407,0.03120268563821383,157.46289445976808
25,19,33,4.415423666101076,12.08747794592074,158.27668487833418
15,2,0,17.699168346584194,4.389095673052768,171.92150930113863
18,16,22,3.3382683000901023,4.941867719926227,163.64443236435397
30,6,4,32.38945327452535,-2.4331061879813976,166.3177602401835
16,8,17,12.38724281374015,6.71672406220485,169.09171985036167
13,29,21,-11.62950867066473,-8.900257895862378,163.42013335175307
34,7,29,22.036373760249433,22.153926835514593,167.12070031892813
29,28,19,8.670749864055297,-7.682826306772425,165.44145625955235
8,19,16,-3.846175096070009,-4.1514427961143525,166.55960979395272
30,31,14,11.604672468402057,-19.79071657308266,158.66884631352323
15,15,15,4.444894472649318,-6.632587907303339,167.06469179090732
13,6,17,3.9143928353254016,11.136149010863976,167.52350099222508
0,8,25,-19.290179762205415,21.869841736333274,166.44522784078504
29,8,34,12.0620540779577,28.718660872450556,159.87276726508398
25,17,20,9.175608411472036,9.29667049258359,163.58290011945917
26,0,18,24.01949996359604,18.055239032531585,162.59043054969908
23,20,2,18.897456427177413,-14.52817590725677,169.31447206705522
23,3,17,21.13611610231522,10.256499814932912,167.22976546055258
2,35,20,-26.10999665459349,-14.310982294420816,173.58617217534587
5,36,23,-21.840319402769357,-10.947534509148168,157.81277861965305
3,27,18,-25.370887904882352,-12.608619662696112,160.5598934954574
29,6,20,16.49434213411454,11.82964973013413,174.10574839417518
22,29,14,3.859959200919253,-13.81707932856495,165.0426452101841
20,18,6,14.567626121688106,-13.655430741963382,164.96508337794862
21,11,35,0.7145204443126618,21.85083377486637,164.84897747439962
27,27,11,14.668735868154474,-13.845729470005287,168.94053970193673
36,17,23,24.284555052617826,7.4407580146255565,159.2900506083821
6,4,24,0.5012374005569689,18.44223453809185,169.5098312205447
11,18,33,-14.721230739729638,19.16137485924879,159.06217894322478
22,4,19,9.377650924637965,19.068520042775102,166.8167218734514
9,8,24,-4.210128170035877,19.216753351111493,165.62687907538725
34,4,22,29.010912979296315,19.23630164297254,161.97053468559653
5,15,31,-9.48355302740682,17.8114621257583,172.16548828845046
0,30,36,-33.226150285871356,9.60078965369177,156.42183621305472
24,32,29,-8.641731528401497,0.16330460037779368,161.83507177887992
18,23,25,-9.839576258044577,1.620297266874385,160.27112563478977
27,26,32,2.810799254659507,3.805710927287846,156.73141577891266
7,23,29,-16.262041057235194,5.647122766700429,162.24556620199257
21,25,22,-0.32949476378297826,-2.771552955251725,162.54513927971934
31,12,6,24.64784372981901,-6.089642597975334,163.9472882644925
36,31,18,16.777222043337122,-14.988488348827149,154.86555768457606
14,35,15,0.29866804069579644,-20.42109414415673,160.33132768882848
22,17,25,5.503232910465941,2.048973402857074,164.90736213792837
36,2,30,26.477595830635384,22.53414418226812,157.13216584826895
8,23,15,1.123324695467926,1.182510911224659,175.3790175795594
33,10,20,24.922122908599725,9.91278553407035,163.35148073693415
36,10,23,23.821500859161688,12.287094037927892,156.19335314840757
21,5,6,26.056701772916753,5.9798251205053345,165.22908835728958
13,12,13,5.803704263743697,0.6916857384192716,168.73923318559892
7,32,12,-18.252358305543247,-23.438683012762123,164.51074085042077
26,19,16,11.598082354727161,-5.2753885996431595,168.55650053760468
6,20,1,-1.165827364464604,-19.521806118867975,170.45478920222834
1,7,14,-12.52993595914129,2.9752233604289717,172.99485325470602
13,11,15,-1.744213534862493,6.158481614904617,166.7838081301528
25,0,33,13.753066775505243,36.53992633099519,160.04501359841896
36,33,31,9.883100578978691,-4.319892152570189,162.54045307253972
13,19,35,-4.49867660589258,18.14813359938812,163.32386549282378
29,2,23,20.942332167175536,20.611399077541833,163.4782652900695
24,10,1,25.49959024028731,-2.3253763038975634,167.66820688294635
8,24,4,0.5984206107698217,-24.583342245143736,169.73059115565036
20,24,21,0.43723976118233154,-7.916812887288922,162.22491655993394
2,34,5,-19.45871417587313,-29.900697080605006,164.8663713428553
1,24,5,-17.142339426233463,-24.40884059894575,165.40430487473526
10,23,13,-11.321417482698948,-14.117884040098922,164.0332486200183
34,22,10,24.631295651197924,-14.190529675073204,162.83640988635779
15,8,10,15.199976970413948,-3.6320451654856556,169.0374516547207
35,27,28,13.518921818012538,1.5784236908479226,153.9664529229403
33,9,7,29.427128889609765,-1.694126091189364,161.17302214632582
17,3,33,7.687447648212553,25.773903898586923,167.61520259856783
10,2,22,3.195606973460336,23.55956373161172,165.5895453694591
36,24,19,20.311188486027646,-3.849583672443782,160.54678097365502
32,4,1,36.78706409924005,-2.139387661658466,161.51105990264335
6,17,28,-8.669692592624543,9.467035452980518,176.64949575904308
16,29,31,-9.790676662411702,0.3116255984272049,158.11171573479666
0,27,31,-31.02450271651821,4.203811419096476,158.79260852900654
30,29,4,10.949037359869035,-21.6584023780864,174.21882022751572
6,30,32,-20.969852834826675,-3.721318745240229,167.5305309933417
10,27,36,-18.058120950754876,-1.7987081364940407,157.8624243222922
31,7,10,17.315424904466987,5.524416632355273,171.10438164836938
3,19,26,-14.34487630811051,4.617070777568578,171.29601322697687
7,24,22,-17.20385417592133,-3.0429537611119013,162.62897348210709
21,24,8,2.825649502768499,-16.936519955032413,165.18549525127042
22,15,2,18.54469227114686,-17.88455006632574,164.36421411955033
6,21,18,-10.894847989237725,-7.03249914732622,169.73191733046386
33,5,9,32.87475154529989,3.944104174148757,170.96728805045302
9,33,32,-19.96724159229533,-0.5945649624763331,174.0289537276115
36,30,4,22.159625338605945,-20.551817180103697,171.11296576414674
23,23,6,13.679708575277266,-23.30769713900134,162.89285349773826
2,28,31,-27.163726877803814,-3.2706016069010286,167.143888413776
25,11,33,5.347333037403253,14.98187501793574,167.0818527112547
6,18,18,-9.822527511351662,5.61627373091116,168.562840058635
29,6,35,13.813973111660973,30.92076756313051,161.2068598444972
21,9,25,6.8935744719905365,19.027298993601544,163.33869267691082
32,26,8,22.42079134745498,-15.297582735246296,163.93578758238553
35,19,25,20.962934041158015,5.665960320319159,158.61906007313735
28,11,23,19.883899592467838,7.208958839517942,159.21485808633236
35,18,33,16.78696522835677,15.651302545984953,153.38287802096224
22,18,18,12.749621291436956,3.725523095024671,163.1402653751854
2,26,32,-26.506007345577395,6.109422660367855,165.12464161398833
36,3,17,26.321758760694323,13.866880791286665,176.34942729675154
34,17,30,14.89179381778741,15.245768718735134,156.69326102954207
11,20,18,1.3750146647059653,2.4512472703029733,166.14302620886687
7,19,1,-3.8992977789585312,-19.030032887251583,169.3903978625872
17,13,22,-0.224166830127509,4.906663955710583,166.78796428653627
22,11,24,8.1348827217611,11.78247722517177,161.61027526442325
24,4,11,22.88595952225959,10.461553541440168,164.40225694293866
25,3,12,27.255774882675652,10.761227108879902,162.09623779209068
36,33,4,26.486307856108624,-29.04128820249076,159.4165967610922
7,29,9,-0.6964196995711923,-25.19425233247761,167.48674495677034
28,12,22,14.057007084769745,4.634836037096342,167.29157087166067
36,0,26,30.69641461551982,21.344092951195577,156.005687879644
16,10,13,17.339324078646,9.976309134465263,169.0222775876395
16,5,20,7.502619007037329,16.475536214394925,164.9287144301078
27,8,36,9.615918580877228,29.201165110706185,154.71487565132648
28,1,29,19.054585455667283,28.895443536071763,156.46387708057205
20,33,6,6.790494543682988,-14.662637483799688,174.10799521509134
5,13,20,-7.1078978551121805,1.2695029658651682,170.35635668711873
4,0,33,-15.419033329038006,34.69789615440289,163.86803753285727
9,9,3,-0.8163281468466951,6.489330764948546,179.243472874774
0,22,7,-14.231587405400937,-20.07076803251761,169.67749614543578
2,33,13,-25.951820167745936,-27.035131619593084,158.29822984557669
30,5,34,10.175944709689599,21.90234818240314,178.45653235307418
14,23,1,9.401803055596355,-9.686577601054326,174.20949291410938
10,17,8,2.4503762526042756,-12.674779321939749,167.65457389521
26,19,24,7.624865426018888,2.1648653624357133,160.4555657091717
18,24,1,9.41982295627379,-21.2369688223753,166.4992806384665
24,8,30,9.17471870437366,18.07734776333865,168.51900967699987
33,19,23,20.547080914316144,-0.42417442295722385,160.1245629296787
13,19,24,-1.764468582322237,4.524101258428219,165.94118175145317
0,10,22,-18.66814653996793,11.620667775654391,166.6221589672337
36,19,27,17.0292845533753,8.431342039492664,161.7917380727833
6,35,19,-15.846022468721008,-13.190212453499669,170.02064689279544
28,33,31,5.136620701521764,-1.6507053064464436,159.5082198395015
3,14,28,-16.63190513082968,9.616476130005717,166.69186930294006
24,11,1,17.52565291921789,-8.232471363093925,175.08474830536233
28,6,5,32.841465933939546,-2.958707909506079,162.4745149831443
25,20,16,15.87107984541049,-5.838014387706872,162.11790533972786
20,13,26,6.440134286557129,11.132265529456804,162.80355570508843
26,21,17,12.306204178780382,-3.846424686172062,162.00814941503626
32,17,27,16.03762380194008,10.158105586369912,157.65799296287224
8,19,17,-3.975199739707518,0.25426318429582817,168.6563937030488
1,18,17,-20.765406244121216,-1.5710691547136222,165.89881258858057
28,34,26,-0.28844292823879564,-9.923330602635128,157.45713934970814
6,35,33,-27.406148280088022,-4.2088370788833025,159.20680148526085
22,12,27,1.7378825950659018,11.246603657446785,169.54764961186248
3,4,11,-2.296099137257959,11.96294435006881,171.34638425380325
30,30,7,17.655805303918005,-27.009168994208395,164.17378314408197
2,8,10,0.6489752120252474,-10.907439809150134,175.36690920638756
5,27,23,-27.27443175521592,-5.123852691972699,162.09128854618024
32,8,36,13.30500312203185,29.429818781092656,168.83738428943062
22,23,14,6.5081668342510985,-2.0894042275002125,169.58026214412575
7,36,22,-19.475170021631182,-15.320665097800594,160.93590891406063
8,8,10,-5.966904412558114,-3.7046331356852082,173.49432592478587
4,24,24,-23.915282996288195,0.49463370877842916,162.80262587542427
14,35,24,-14.408357986939219,-11.297162060229981,158.36994401978822
27,19,22,5.201656164719976,0.4261233936626762,163.2111384930285
19,1,35,4.131718721851178,29.557025759235785,162.06938202190332
25,26,23,7.490857057379433,0.05356793054672871,165.5149429912462
7,5,4,6.708010270441692,-1.8802114667099434,171.9038292953324
9,8,23,-7.044483178021651,15.833086379593444,166.7144019387348
16,26,0,3.526911712589585,-25.430674479241738,172.8651283266636
1,12,0,-3.3624705797871894,-21.800686672754313,171.3924131602214
5,34,21,-29.46789119403457,-16.999849246059032,159.03027351274687
35,21,15,20.685041686180814,-6.541623689677602,173.23627422877314
15,3,7,19.102907279165205,2.0932648067552244,169.12501609760906
2,27,13,-19.570476266549555,-14.630341261860707,170.81265374301972
24,13,2,17.568830840458116,-13.093705056963143,172.82793520672212
4,4,11,2.8013429657090683,4.102238538627571,174.64737591214623
19,17,8,10.044258353145528,-8.456253314810233,165.8998244283021
34,29,2,25.71996482800923,-29.17225585398773,155.9213493906785
27,4,4,33.1123810435613,-11.583722650285234,164.83400253395337
13,12,24,3.1447425608111708,12.275788018714103,170.58384841389272
18,20,21,0.24993427791976358,1.6431600028492923,162.6936567769942
23,3,2,24.352848319220946,-1.011195755825158,168.90082281346633
3,16,23,-14.249231958005458,5.584359044201092,173.5858269697762
7,26,35,-25.567939807370905,7.9713292212883795,156.50359416119224
17,30,23,-11.893919164961614,-5.6920350455224,161.66763323505512
33,1,27,20.662526471511946,21.36753887550366,166.63638523715503
17,17,11,9.793015302579796,0.28392492505245487,170.3297665100268
5,6,27,-10.969020673308185,20.0111332718722,168.48777810507818
26,10,31,8.79373426312968,20.81145567562805,159.73123381676658
2,22,21,-16.5878053616518,5.136107322582547,169.48543797652061
13,36,30,-20.423690983273467,-5.670600452940835,155.5085256738148
17,28,19,-8.83885516733642,-8.539876401546346,161.37283822480128
29,9,19,17.128267971106816,6.167268622672862,165.38017381894284
34,0,35,23.17610593743528,32.501855811323104,154.51327114968433
17,17,17,12.004587415576243,10.480212450096294,169.8048925331878
17,29,25,-5.923622291057953,-3.6163838983507364,160.7208337420851
31,9,5,27.70967664006682,-5.196489859874989,168.67475585989098
32,19,23,16.23735087018392,1.292636137362649,158.97598496603547
18,1,13,18.889069723987944,11.402654603536094,166.139298143585
12,23,4,1.2946363426860903,-17.42940301453004,171.11352984290357
26,15,21,13.569783160359982,4.33424917340977,164.42138861770212
12,32,35,-21.798503983686768,-0.38547235420490017,162.3152514275563
24,2,24,12.45964849757175,21.54408532189795,172.7193084098506
8,10,31,-9.835422782336122,25.376623184926906,164.86860425823082
15,30,12,-6.462449647202054,-14.1737700683686,169.77724387366362
16,29,21,-8.790920035457628,-8.099014385181816,160.49663364852742
28,15,17,15.958707308310434,-1.2305550712635596,164.40084379870123
12,2,32,0.4290545569723217,28.514955345950643,166.66992222827318
36,18,21,24.99712862914158,4.765579226970679,163.18994874288464
22,23,31,1.8771181529773817,10.124011165750076,162.28432719763717
0,4,18,-10.052099703312344,14.020229792986145,169.30363047948083
24,8,21,11.571841503749486,15.470918494836145,163.89315627514696
23,24,12,8.950812966507556,-9.38684082789183,164.6466671037302
24,17,30,6.402224014689775,11.979226282738203,161.31641853869746
7,26,33,-20.024440291912917,3.87797506951138,162.24778477825754
32,7,27,19.06620945049957,20.405542002203973,168.22375960079637
24,20,0,18.423217274571062,-13.151474678893992,170.17450884866022
28,14,16,22.391652880273178,-1.8965748171458099,161.65359421298373
16,16,33,-4.1036281419568645,14.022278526738072,163.77384357834273
1,16,31,-20.573263146877334,15.101872490556625,161.95566676645913
18,27,18,-6.969513130729473,-5.2346540086265385,165.13042379507684
14,36,33,-22.45418306768006,-2.8498845319083213,155.59328463939568
0,7,8,-14.959798011010141,0.54895468920949,172.7908316366781
1,4,23,-16.306286245120816,22.351648855464923,167.29192700668835
3,25,28,-29.110932334752768,5.05840808150043,160.75564007168458
0,8,26,-23.624872299582048,19.278142035356765,165.01877235569253
7,9,2,-2.3786018142050955,-2.173147276332509,176.9680291651311
20,12,8,18.051912941212315,-8.044122535725515,166.09291869187456
25,25,8,15.72183998308129,-20.436331197904504,159.82896051826657
21,11,9,17.83478833202596,-7.2962524124312536,165.62580508022305
22,34,0,9.30225504773927,-36.36300432865817,160.87334043250297
16,31,30,-8.819774267684227,-4.766553146047423,166.00517228021542
26,28,10,10.749422819359092,-21.51255024534169,163.46692661979353
5,22,31,-20.024490275803416,3.475256638643735,170.5723530392718
33,31,11,15.699194137811809,-20.05402461659147,167.73468452897387
13,21,10,3.3931519020082117,-17.185957672202125,167.17356793523734
15,30,36,-18.771137639563776,2.3228870223203373,158.44737150977724
30,23,22,11.349920181319568,-4.663291866026366,164.58113738163593
25,1,16,21.456680453064926,13.23111486166534,164.71361784786305
0,13,27,-16.647586683224375,18.147087783249642,171.07022908569638
4,5,34,-18.594899203423278,32.85081443306584,159.85271974819767
22,9,24,4.039327575893218,19.574240857664165,165.4666388095164
20,28,12,2.1398575230499715,-12.5387169892391,166.12103226327375
12,18,10,2.2997051053667628,-11.45517710186963,165.99249203524616
22,27,30,-5.3037495935454855,1.0654556510688813,158.01750935228688
8,21,29,-14.667492759649736,4.0927374929567355,161.12049327714521
21,6,28,4.823765736314167,21.612536806138596,164.11954623625138
34,13,8,28.83520959996055,-1.1335673386521083,164.90216544031722
25,0,13,30.347914890970237,10.704964440143948,163.43724437936143
21,24,4,14.251236795803848,-19.205580754492,168.09580818665498
28,15,15,21.040343182733512,-2.268306366500683,162.70020499238728
10,22,24,-10.415829865220223,0.3773697745331218,167.607859470326
25,13,15,15.277838471970906,2.831518792283335,166.7131352914304
25,9,28,11.174965090691986,19.537629389343895,160.40864858421122
30,2,4,35.78263035166588,6.939526941048808,165.50261371617847
31,23,23,15.899884471459252,-0.15788592749520236,159.81737366157338
4,21,12,-6.270921672574931,-9.057978328107685,168.6543504881881
35,16,5,31.4215190798679,-13.976067830448013,165.40133275368686
6,12,36,-9.652032643474314,17.02643091402567,178.27296311165702
18,8,7,7.642034413599722,5.231653846151918,173.4653847492506
32,20,29,11.788550321742417,9.284857325018413,156.43402516147597
36,3,18,33.63186333719179,11.658737662717959,158.51739610223538
29,21,9,22.386580169112005,-8.65822963771363,163.64440346805225
18,25,1,13.923800901932946,-25.754349465409774,162.7105594983608
24,31,22,1.5282181830283315,-13.349221932175162,158.9488600929075
4,29,14,-16.059892750324764,-19.64742445031472,163.09050123666424
26,8,2,22.337706727748287,-9.973882401555048,174.0471092413623
24,8,32,11.247866695600178,21.42491084783474,163.92925820533677
24,27,13,13.266140667857965,-11.4741982957977,167.388091835537
23,17,7,18.684963286026278,-10.846646968479932,163.2216723240104
17,11,6,15.03404210036158,-8.828615250662612,166.2401097394897
6,9,22,-9.39093485356003,12.713058429226864,170.45129555532287
28,18,12,17.373794433240604,-5.427106215506736,166.51842476200255
13,33,10,-6.099104767606703,-24.970559388280872,164.8277069200722
27,15,5,23.797877044265196,-13.789106892866487,168.54042803673312
1,11,12,-4.887728058148107,-1.3493235646080788,176.16272466091038
9,36,5,-15.875756047650531,-32.94301013069617,162.94911019173148
4,25,9,-17.225682119010028,-21.437237223597702,165.03416662809303
30,32,14,10.685679054012748,-21.58953102343555,159.13915143257447
11,21,29,-10.697062250858968,0.9234318150060704,167.31221151054697
6,27,22,-19.54855823972222,-7.429400052363053,161.76917029206254
11,19,22,-12.640815394963925,2.5886131049776946,163.86039501497953
6,30,8,-15.733578576327377,-22.07956863036561,165.14236231777943
1,33,36,-37.84224254199934,1.3027542787246238,158.01078392880103
18,20,8,-4.178260195361929,-10.599880189807616,175.36918761896243
28,17,29,8.716630075730444,10.230376682076516,160.7966256155057
35,30,0,29.164967481725597,-28.31977758515169,164.38664640106364
8,5,17,8.961809378577536,-4.3644878602195,177.29188959102095
27,23,32,2.4651368097277984,8.850869000045966,156.80934484356013
34,25,27,13.046469403410635,2.7538154107789614,155.89434823996083
27,35,1,11.988683789267391,-25.01975856376208,161.5963652891934
4,30,31,-19.03224251086518,-6.374964269086197,167.66316993020044
9,7,18,-6.719194041393379,4.723092699973129,170.11804598612088
29,3,21,23.72018237111132,22.820093948415252,163.2671416127042
11,13,20,1.7550618886530815,11.724098425674905,169.24199139430456
7,9,5,-1.0056610306792046,-3.3152940001593025,171.52111194556846
13,12,21,-4.15504897659246,7.455764269780299,165.0025598321872
17,10,34,-3.5849837529168522,24.192841994879885,159.16744144076037
2,12,35,-20.499531308268235,24.72113808444813,160.1100409417052
25,11,8,12.221418268846818,3.564675677060521,175.41550220702746
33,3,34,21.81801333975949,31.57077269251965,157.07771144167046
32,32,13,18.46617251077815,-13.506953310055875,170.50798687937967
22,24,16,13.186985232692031,-5.7213556920368625,162.14050360252565
21,9,1,22.227084469008673,-10.120705687539543,166.18227662293876
35,1,32,26.718633549407592,31.909130596244125,160.085400502113
25,23,23,13.247447833793691,1.583180643269861,166.97098529426677
35,9,35,24.10966532683272,29.211899267093266,156.61958164112383
24,30,16,10.480998919975871,-8.229095429553238,171.79835063836953
13,19,6,7.563511875560201,-13.805095178578242,166.25141988055555
33,0,6,39.974745741253,2.398090637759956,165.410933435082
19,13,19,12.507615110870438,5.6693893247483365,168.58242976301523
13,33,7,-5.121145023219017,-27.449462801733972,165.76060848908588
30,23,1,23.701789114910312,-25.114587122723506,162.57704331514844
28,30,25,2.6971286082091215,-12.227228517045875,160.02379060592452
9,10,23,-2.494008717616335,6.67684343442975,167.25837490986055
32,16,26,15.75899772961855,10.868822155424544,158.70997338894972
24,12,2,22.19853667952243,-4.791646270940657,165.97133868707837
31,29,27,8.961152527522218,-4.092996057987109,156.3938758274384
22,19,9,15.129577948129507,-11.29007185442058,163.2605925465998
26,2,19,22.520158981547983,14.345915621718996,164.78750784980866
31,13,22,22.47080307554525,9.186906185913962,157.88020048583937
14,11,15,8.77310742181545,6.5195258510375265,166.86853336785936
8,35,34,-30.326524599439683,-2.0773927175985207,160.17248745744587
24,16,21,5.799605061710434,5.3314841080706,171.6424179767229
18,5,24,7.392477700082908,20.348347750419517,163.60497748991935
26,24,36,1.6012409180597806,11.922274363238657,155.50371204840812
2,29,26,-19.24847729329644,2.703806078925412,162.78464366553348
15,18,11,-1.8250291247180246,-5.5051733428560095,168.84822522248868
26,34,33,-7.125153088603107,-1.8785228398619847,154.37633325283014
17,5,27,3.527309486623676,15.05958337591754,165.5220514495856
12,2,24,2.218047216215687,25.493351597971728,163.74820257776932
2,11,23,-15.949358405933003,18.28728055110461,166.1450245954769
26,26,13,7.703180132680398,-13.433251845201955,167.4770837528947
12,5,29,-0.26847112742376905,18.55542204687818,169.80853865983278
7,16,19,-10.271598619634247,4.876948355253479,167.72539790600965
25,34,11,4.485255657167749,-23.551231014537038,161.21333036996933
20,30,31,-8.554106606550201,-1.1682692964982435,161.38999054556692
28,2,28,16.64899135185582,18.022000346085665,164.60611601022293
26,24,18,9.428827122476545,-2.0441387438759726,163.76058390637445
13,14,5,8.890294705746985,-8.967505385200118,167.58630655707157
12,25,2,0.057134923139368354,-27.72547835063257,164.6245745422185
13,24,9,-2.2884329151867036,-21.15184013699811,163.2517429002312
9,7,28,-9.977967050121457,16.985384641557424,170.6912973113492
35,0,34,24.825484702516633,33.50693340650345,157.66422369296714
31,8,32,14.727025452084236,28.493376807323983,155.57552628592066
36,32,23,19.019341519256848,-2.557100826325163,159.0342143959474
26,28,21,11.39092837835372,0.514230821213136,159.02616451480682
6,1,19,-0.4180202428267458,13.933213710330797,170.00021656845004
32,12,0,32.79386535858909,-10.621489769552632,169.22593987251602
10,21,25,-4.956513292201382,-0.8013696062221048,172.96270661158823
17,3,36,1.3011224899962515,29.677396925723492,162.98437048843152
13,24,3,3.1127293022004414,-10.48774068855147,178.34964558855805
28,16,21,14.452835076183392,2.2086582154282226,162.74902512441474
23,25,8,10.743079372427744,-18.64270614877945,163.96167336594615
19,9,23,7.749212301749457,10.327126686111042,168.1313786524275
24,11,25,11.780014803464248,13.467093868109362,160.25011688555782
20,36,14,-1.3176032614559134,-17.401831281834472,164.24636534896382
2,4,3,-2.048938106510948,-8.378643390426964,175.01645726409058
5,24,35,-31.056998950068095,13.724692546932205,160.99388467269168
0,16,31,-27.644819603743564,13.398613779621638,160.3103037266635
19,36,24,-14.12909435279185,-8.853720858158482,160.2064706064414
30,5,33,12.477808704313025,22.400087824726224,167.07965689061155
5,8,10,2.6279586081390773,11.174019219829175,173.60201540107587
30,0,32,21.50031315323997,33.993248176448425,158.895870289497
26,26,16,10.541919389761533,-4.498536153372251,171.33968163524383
16,31,22,-3.2795922641133477,-6.986991508474244,160.40902432711542
2,25,32,-25.90615329552742,1.7690717070777495,160.7307630056176
17,11,24,-3.606762362768133,10.667948846751965,167.31126737965442
35,10,35,16.756966142729034,26.654297089215582,154.737003451584
11,22,15,1.7532777873685073,2.8187063866793896,172.1160157864307
22,1,32,10.657546165880479,30.655563384741033,163.72291801039745
21,27,27,-2.2132538650086606,1.0548141596247316,166.54850675158104
17,25,33,-5.2215711603133155,12.918470326644453,158.72448014859177
21,4,0,20.11083623685785,1.1843255241518589,173.3066458318165
20,10,27,6.7631305847829575,16.32664020079648,163.76273525134988
6,12,19,-7.054523615804143,8.783999526351753,167.52967437960186
6,34,22,-27.177404106092922,-12.48849952575141,160.52642455314577
1,28,30,-30.477241740611113,1.7794073656943787,158.6162270115429
31,5,35,7.667997571016376,23.720358819645273,166.83892050993933
27,23,34,-3.084979285434327,13.08170716723152,158.0174959169227
0,2,20,-9.646663980443257,19.50048049142772,168.29575999848586
6,24,15,-18.41777199249257,-7.696271493486712,167.59793209393655
28,5,0,29.784998851985613,-8.394742764371301,175.30018542755698
8,7,23,1.8348833287764033,13.210858548363833,173.4340749999227
7,3,18,-3.962197819498778,18.669435265715624,167.53910574489632
32,2,4,36.790393436710666,5.715074749557792,168.85450621446833
10,33,30,-16.508351764025193,-5.842587766084053,174.85091845402098
35,11,1,27.170917154300913,-10.160317968475605,175.82751463871915
31,26,30,9.060023714389256,-0.8044537951864711,160.96134549538803
20,35,36,0.6761107834529534,-6.316371777086446,155.0297356000812
17,3,23,5.089914309801909,14.353853434376886,167.05680979083633
33,25,26,13.534921632124895,-0.8687869798424953,157.48242897861337
10,29,20,-7.590215107127673,-5.747267041444493,164.16492294016285
34,1,2,37.08828955020032,1.193358224955263,173.65718410413163
9,25,3,6.349384113030965,-21.66773093289433,175.65406619133833
19,30,13,3.3720756062550876,-21.447383474675075,159.75289089223116
12,20,19,-8.026794018458979,-6.766702045297606,165.05594804508283
29,30,19,9.09640815516889,-12.863312994881836,158.368386664719
11,17,26,-6.830412879257329,3.6954382979911755,166.31584072752895
16,29,19,-6.783119789093269,-11.358888554155131,161.7747004450428
31,16,32,11.306693417004979,15.407433894086623,161.79034499279572
36,28,1,26.837252447491686,-23.938188550528583,165.7686159820638
11,32,13,-0.46967374840749415,-23.968512268983098,165.84422712435136
0,32,0,-17.124346172780786,-39.083927941921516,161.3759576510883
21,26,4,3.926850571597273,-28.558014810415457,163.78390553754443
11,30,27,-18.7331030032489,-9.046766089351166,163.15292986208647
19,27,25,-2.9506308713583365,-6.9651341680724395,161.08976691531402
12,33,0,-5.8403238167723925,-30.82609675958942,163.45559992258052
10,8,30,-10.564285697482688,12.89433259095364,175.99200241007725
15,28,13,-4.786904455892196,-12.879263609561564,168.08535629953911
5,20,24,-16.715560616252514,3.1468091637868376,166.2662676725596
7,26,32,-25.367884348544134,2.3030415020799238,157.50744725831143
8,8,1,-5.263698836545259,-3.7650823590084284,175.3412101597976
9,4,5,8.571293283657083,-0.8620293924820063,171.44351345400975
26,9,9,27.371212093958967,-0.14725282733064674,163.25609723364107
24,19,28,5.506151522700707,8.357490554417046,161.69363423831163
2,18,33,-20.030655980246706,13.406118755815587,162.73602080225743
1,34,5,-24.81391872661209,-23.180523409694267,169.23862931384755
6,24,21,-20.84428292779901,-7.966818183256425,164.2978265294763
14,18,7,-0.3149132870694318,-12.589023973398556,168.5055071811806
24,17,28,5.120457910426179,10.178376011852437,161.76757975059132
8,18,0,3.077690312389292,-12.992745241495594,172.61879660737557
29,34,27,2.3528061349820883,-10.414410506910713,154.78794222342398
13,25,24,-6.825156545339663,-8.00584284433662,161.23465504464005
30,5,9,25.861819990345467,2.6701677886466557,169.01433559545058
36,24,27,14.750871715608525,0.963948660763726,155.68774725268392
11,31,7,1.838744921426634,-18.98813591894632,165.4705602400162
12,27,17,-7.2308015449977505,-12.814469428740288,162.58607179012927
3,3,18,-11.134043452884228,10.530939838439302,171.36273253587802
29,21,30,7.6322270664855605,11.434022255418656,157.77594033951925
26,30,35,-4.357562268831983,6.326990888425338,155.40999950578447
8,14,32,-9.258319692944227,15.481909270287684,161.68360048244713
1,31,33,-32.48221938494926,3.1118440994738936,158.63556022894946
8,2,2,-7.4135131434586965,2.055827171923914,179.42142521075445
8,11,29,-11.556758537704855,19.59214914109466,163.78685900404872
16,18,35,-9.057873686872863,15.43418230613881,158.04003016467948
21,34,33,-10.858171248257005,2.7014995878230543,155.85227478946223
17,32,6,-0.8224829649680989,-16.332033769614643,164.35868553197315
31,30,35,1.5637220681088237,2.027639970152487,156.81385245121965
5,8,9,-1.045986122357017,0.964945692766935,171.0100961518656
33,28,23,12.835375860648636,-6.055629865968992,156.36560046712506
22,33,15,1.4228590083944754,-17.118555315257584,159.56291659118742
4,1,14,-3.5647099047435686,4.948308067375171,174.44522368035348
14,22,29,-12.35503766389131,10.190719184194112,159.6417151327944
29,6,12,22.602386086430467,8.751194193859774,169.11805588703345
2,24,17,-14.544762581969099,-7.457913522880185,174.69748494239545
32,16,22,18.315130773323403,4.870812769610733,166.33041360698564
14,7,3,15.526147065152308,-2.581266837579731,170.19574258743768
29,28,33,1.2575600049651479,4.086389220678257,155.75825087978853
19,32,35,-4.183051141914022,-2.5707654994491738,156.10874531443932
8,15,13,-5.269987068214914,-0.08851889592416001,167.31426879502916
4,26,25,-25.619678963523864,-2.28376029206276,161.34999533645941
9,1,15,-4.879573103426234,12.70929823785348,173.53570296687477
30,21,3,25.94417575217737,-17.338460181991664,166.94712791176624
23,8,2,30.10968705626107,-10.564433818531457,164.17338602019336
22,27,3,14.136399589437046,-27.854425869106393,161.7299633731976
8,7,31,-10.287095922856217,16.497465538338925,177.24606578197427
16,9,20,1.5935517285642347,13.028374038004573,165.83979592798102
35,32,15,17.474259087633325,-15.417194146882316,158.8096581306108
19,25,12,7.294640821817768,-14.229783598139115,162.87511822044647
14,3,12,9.537190059825921,4.555276714175905,170.26736167356117
25,12,8,22.136438468143794,-2.4093676114266867,163.7904408752272
14,9,8,12.925410264886594,-2.214021077153588,168.13734664025975
7,22,15,-13.03276596224795,-8.780745525270019,167.04850985122707
26,0,14,22.141658521580876,13.642832236452877,172.62697649651622
21,15,35,0.0553336241332849,21.830847588247728,160.58184848236584
15,17,30,-0.9993598915849838,13.999304071202264,160.8983402074785
4,1,8,-0.9149102246532633,11.30560831598518,171.90833402519118
12,3,15,4.852960717434752,13.516869891175803,167.41451859128003
12,27,20,-12.00186908986365,-6.87916396390904,164.42734446790936
4,23,23,-20.78286908313726,-0.3042537732882213,162.28665564946695
23,20,20,2.905041694721593,-1.613255257017321,164.44195682085524
16,6,18,7.237049726692003,11.282571305678106,166.1273545239042
31,9,30,19.04524439883024,22.491804386412237,156.1239392023442
21,3,28,12.347471408749394,26.7847902604983,159.51273037550095
24,14,34,6.779246024107199,22.680953420125704,156.36116854255914
23,1,1,25.852335284597395,9.374682638704998,169.8932283044337
2,18,12,-7.703407064377264,-8.375629662552653,175.77970058583622
8,24,5,-10.210194339956349,-24.54478687110222,164.9581629586583
4,34,31,-35.33301435077759,-5.886426766183929,158.44188190875536
4,32,32,-28.902979576924768,-7.867668144067196,155.9051015226741
6,23,25,-24.961619289047324,2.484652588696535,160.83444874742148
32,36,9,11.975731789168828,-27.921368223574344,165.7795346842725
33,32,33,1.404604357132522,0.9322208893723083,159.44463343163946
6,19,29,-12.530468164535991,1.7773573071188946,163.16578607936924
26,4,12,19.18770135852997,8.145325645631607,170.51711916852025
9,15,5,4.424028980677141,-8.876425441533359,171.89489057202803
28,5,22,21.923127492723218,16.260861496299707,164.75814311522373
8,24,28,-16.187555603287656,5.257009376325359,169.9541542249959
18,1,16,9.075375275163516,17.112395147607298,171.7309473527143
23,32,15,1.71726170349762,-17.261079932094493,164.87720436615368
32,3,35,22.235215153576107,30.9201482919467,169.5887453817705
36,1,15,36.12070685069803,14.803087784564891,160.33175760544893
3,13,35,-11.027533269304826,19.776096945480834,175.54643701778127
22,33,16,-3.148573651088062,-12.996624715276234,166.42536994421116
31,5,8,29.23169712880572,-0.11651176617911405,167.85075486042888
4,32,3,-8.230635312911279,-29.64689963264714,176.0651611968546
33,10,12,25.891035738230862,-3.3054746398505426,173.29232918478564
17,6,28,8.124916992169311,18.402686035588466,167.338307635693
36,27,12,25.925088360617295,-13.482461310376289,163.03152614823222
22,27,27,2.4277068808076656,-0.8826240530020028,164.23559868312896
7,35,14,-13.847749053153542,-24.50312801764566,163.06861633984786
0,23,23,-27.48107903472294,-3.02861012847721,165.0519423867119
3,28,11,-24.031597557050503,-17.909946993950413,163.4663747933406
10,3,1,5.011091591735079,-8.112264564520668,177.29199955874836
3,7,4,2.145039643547977,-3.5977870272960732,172.19996334145114
6,18,31,-23.248118245661747,14.875354956953789,163.22394481496494
24,17,22,6.0051766528251065,4.412042693585483,166.84239226809626
2,11,22,-12.70391646253567,11.056786213057842,168.67501272114913
24,34,30,-6.0941510913280075,-5.745439809879881,156.9929712233686
18,8,25,2.106008796356375,14.070474404683923,165.6989136922357
17,5,35,0.5333759813752467,30.11555953552508,158.43868084458566
21,31,36,-7.338837450223815,6.584022815002042,159.11429921063356
5,26,30,-18.656896870895768,12.072540718126577,159.63877154413245
8,10,21,-11.405166683791952,10.777632335982872,166.37231265066907
28,30,10,10.362991887772058,-19.80420828825058,164.5567087964429
5,5,24,-2.5685053460130045,9.096274615436736,174.38970598650192
10,19,30,-16.093542740485326,10.87237740605242,160.84918923905389
4,0,32,-15.162755104430842,34.90294166021949,162.67322736618902
2,12,8,-11.807259515058838,5.5533787370293215,176.55744290584138
34,10,7,35.44649186814161,-7.644908522770219,168.09046034959619
5,13,3,10.185416785588533,-15.556481546495187,174.86137499641876
5,5,14,-6.325396224635033,6.043809372635056,172.29626451974616
15,16,2,5.103473592048869,-13.39342648734533,169.69076723258354
7,24,13,-12.20398658554809,-15.132109094806424,165.39078936195787
21,17,5,12.990211305495034,-15.544108685059095,167.58102303068733
19,18,2,14.834529700331046,-20.173256288589844,163.6944868553444
17,28,7,3.9755664841100344,-25.360625668940827,160.94426636274162
26,1,5,28.89636028240092,-2.4023884861927502,171.02387946847165
1,33,7,-16.639673976636896,-25.04174976069461,176.79906311421698
6,17,1,-6.506711153010514,-20.472946135574322,170.47037107448253
9,2,35,-11.53456974782633,34.46892816576632,172.61132256372665
25,27,22,3.187339313982629,-3.790807252947962,168.5130395032857
34,4,15,33.12700374112046,13.013128271606261,164.1807741344684
19,19,17,8.990047151349337,-1.5632362119978573,168.3122321536509
16,21,27,-4.558887193372204,6.040662558043657,161.3753199067096
10,22,31,-16.361701072179013,6.873149732609853,159.71996615849432
35,9,5,28.480476248923512,-1.371197607101544,172.8380718980141
15,11,25,6.459337308956293,10.694593161460562,168.7644766890754
24,16,1,20.61451628924452,-14.120618033847354,169.36836495682297
29,26,17,13.466217419511947,-11.20382286387909,158.520262446039
23,13,4,21.988282042486706,-12.442115892108447,163.8238312095834
14,10,12,8.684673132030953,-0.5572845773097771,168.65017657869967
32,7,4,36.47717040818915,-2.478675517655757,163.16745038229385
24,5,35,11.753913388739285,28.58089206866238,165.71312540390238
29,27,15,18.118726997044085,-9.240561201492953,167.58843440316463
14,11,20,5.242802584466974,5.868148870012516,168.7471679032436
14,29,10,-4.334331804872798,-21.09184643101965,166.05600882920078
19,30,34,-11.562527820452308,5.4119790946429145,160.28609387975965
2,9,0,-5.443806397206894,-4.08919031473251,174.8739432510081
34,17,13,28.66954031312609,-6.210869393287998,161.66354352265114
21,16,34,1.1777713006409878,13.091018123873615,165.1945045988063
23,32,5,9.33137387749455,-24.827959131506866,168.692110227126
35,0,31,26.780444866819444,24.073681113956606,170.861533309577
35,9,3,41.021018816762854,-0.8722014950250189,164.85796693208005
7,21,19,-2.1519605422442747,-7.070131410080517,175.70383930967947
24,15,2,17.38811259241806,-15.18738948315274,167.55727797836704
17,19,1,12.108978435959632,-22.950560393860734,164.7395432348166
19,35,0,6.483781305732187,-40.62398320379875,156.30116311969928
7,30,7,-8.864552526494862,-31.06141942977206,162.7083748607105
3,23,22,-25.13230664614414,-7.6948750472784075,165.0460432321923
28,21,27,5.202964383131132,3.6451217473494832,163.39677785562606
8,4,11,4.169593120161055,8.641939008725892,170.03910020415785
1,8,4,-5.365757562767579,-2.573192827556208,172.96950292598942
22,29,16,0.7051395270851686,-17.198945241050158,159.60366092336184
8,29,9,-10.658877036220204,-23.303004624941874,162.39247920410082
3,35,22,-28.773867487278224,-17.303712428934613,157.5385218459083
18,30,15,-6.668582767036836,-17.987808310689967,163.26766209769835
4,1,4,2.2095167671541183,-3.2421647186663147,174.80802092952
29,15,19,20.78922363495147,7.141794652406838,160.55566346672833
1,25,5,-8.549792539816234,-16.796021245895677,174.72262482474545
16,5,22,1.8150289817509102,13.7176472770302,171.60230446357576
27,1,20,22.52612898545779,20.923891437518844,161.51643387492265
32,34,18,11.567653833436587,-12.023799186491681,161.96590929550422
33,5,35,22.615007224963776,27.34839486793397,164.0228703474208
13,32,31,-7.573064132609298,-0.40526949403991874,171.15032910284194
5,21,35,-16.211271313555194,18.513001840728954,161.62146052346176
32,9,11,23.122717649450063,4.564522467050029,172.2024695718087
32,19,27,14.06075928793072,9.073011763715652,157.55241614572347
4,14,10,-1.978441320543271,-0.6491356734411209,170.8552444146469
1,8,36,-26.990622050922738,29.41460171387876,164.36532504271426
13,11,11,-4.286683155995888,6.03845444985575,175.80553564145688
5,21,22,-17.418601506861602,-0.4543054971001693,164.61347575932447
17,0,35,0.8519555419130005,34.39318512191276,165.71482312747082
13,31,9,-3.727415897238681,-13.315847329795572,178.04520731803103
2,31,19,-21.98562227594749,-12.879857447410211,162.63625237191775
34,17,22,18.485961570086825,0.9141053367357886,168.52628613880924
22,11,34,2.2750064967180066,19.70652632964092,161.80677807397612
12,32,20,-8.57062186769257,-8.717960542438503,166.22314834755554
10,20,11,-5.271821597030937,-8.265244903485838,166.2411570279312
19,18,18,2.8391459828581054,-2.629809152057546,163.14949933061865
12,5,24,-0.32282773712901686,18.24510702885379,166.1058192493542
26,27,0,17.30240417463956,-25.036021378174322,171.34710856483485
17,4,21,12.229778604434683,8.279873857092047,172.98798002150363
9,36,24,-20.750543627485776,-14.114043217354057,165.4285951739707
0,0,1,-11.721280824413332,-3.06193899789187,178.73835827424128
31,19,15,22.19938447097774,-3.6435870772334322,162.03154194123198
28,13,13,22.95640891046951,-0.20946974668647758,160.72576666053712
23,16,26,8.662319155887323,8.88088434128783,161.17008235831364
6,35,4,-11.500485345719564,-27.70817911972803,170.06570978130253
26,26,19,8.86498678946661,-8.922370426108571,164.2604677402441
23,2,23,14.918364389715505,14.58361805629018,164.37184895771108
33,19,9,27.67545059396745,-6.793778299415408,161.89562140455587
14,23,5,9.26068803712698,-19.573889032686274,166.7005454476554
5,12,2,-1.7128098700730037,-17.057147380727557,170.30017876483566
4,29,2,-16.598531105082238,-31.793474888471856,163.27341145960156
4,6,2,-4.685138112076129,-12.424936227852895,176.18294593328824
34,13,28,23.321149403421487,19.51374866677646,160.97534341483572
14,8,36,-3.038494381678315,27.22327011527647,162.71788133736487
9,19,0,-4.164467909103898,-10.121775521880465,177.79735026105055
2,28,34,-33.13318164637701,1.7330159328482182,161.6584248386582
7,21,11,-15.398043936727136,-10.692236754433802,170.2237364605667
0,28,29,-35.444702866476476,-0.14494269930960976,159.6590076954066
21,21,23,-1.7998126590742234,0.34536085022143187,168.59473650335227
1,31,10,-21.69532836702764,-20.28077265438423,166.4148978668061
27,12,30,9.246327181035756,16.15588937084813,172.58793384817727
23,13,4,19.115973628577848,-4.977624316715245,168.91780181028315
12,5,17,6.396090536997484,9.384255314129502,169.5837382992279
19,3,32,4.71028291086749,31.716230144133753,159.67824117592357
27,26,27,5.700365673541784,2.7243787224439178,162.79835427067403
18,31,32,-9.242714677611705,7.254022981411627,157.6697659436564
12,23,11,-3.1022630388712265,-9.705379523728265,166.95614658531483
20,10,4,16.698924248287504,-9.76963558649906,167.70942527892137
1,11,35,-22.92768794385855,23.284260931529968,172.87843360081396
26,29,16,4.560315320770254,-10.660046815083438,170.65661208367976
0,21,4,-10.445763507158999,-21.769845646388656,169.78378411658113
24,19,5,16.75191762714603,-19.306945896288045,165.9111410587657
23,2,21,18.946821679616207,14.306907805908128,167.6564945791105
6,33,33,-25.303010635447652,0.7336405199956495,166.94313692351062
3,17,11,-16.094527171264545,-3.3442767971707967,169.30042216769183
22,19,8,10.870611247725584,-14.336439133182648,166.17602520948324
19,20,22,1.823389633976806,-1.0197293516715364,163.13302813710087
15,20,6,5.180909943983217,-14.499955308930016,166.2803331452716
19,34,19,-6.786138188736935,-17.256607985074506,158.06503057172486
5,8,31,-14.75629247565206,14.69201310882262,169.21557315686263
6,28,31,-25.621507721688396,1.5561385318735006,159.83060140563023
11,34,6,-12.664850580453049,-22.56047204679435,164.6003220839728
26,19,3,16.42255840348452,-22.51562917025013,165.36509731083225
32,3,25,26.27176779334723,16.149117104415968,164.9870911841887
31,18,6,30.975426588487846,-8.998089810670885,163.41135666437035
36,16,12,33.83221025565394,-3.7878061393542435,156.10185545308724
25,17,31,9.220954449495544,8.588870818646663,162.44343458576816
7,27,0,-3.717322683137768,-22.350834275480953,172.13721895293835
32,4,14,29.538589187836063,4.9728295220650445,170.89749529394737
4,19,1,3.091658112992452,-14.763303037841924,177.50114085808826
14,12,15,1.9496330784190727,-0.30277515251587245,168.31693475525165
10,25,22,-16.04863671362618,-4.2760153063841795,162.94236484303732
11,31,21,-14.571935478685742,-10.207739380055697,159.52425803619636
19,36,7,-4.019050568704407,-28.995108245229353,159.33618012239543
1,1,29,-13.475362241099461,13.273395707355713,179.199180309234
29,34,18,5.79638445461163,-11.262202465694727,163.9065651142024
32,25,7,19.238753478676866,-11.849445594192781,159.67184923740825
31,16,27,15.364625704905047,3.5428295475388794,159.39534551622373
28,17,4,25.975847514326905,-11.309127007504207,163.17342069241818
24,4,6,28.955139054912497,-1.7821953692237866,164.58080952650553
35,11,6,38.44116078408502,-5.769651244414054,156.665593302023
0,24,13,-7.698750976637085,-14.987648448935897,179.89339426725272
11,11,13,-4.840328790293616,-1.4315324473680022,169.12036663700573
22,25,8,7.196760871032871,-18.52733576832257,163.05214459176773
33,29,32,7.673064997441461,3.628915734830542,156.77946374839001
23,13,36,4.416154014306269,10.238186914047755,158.37545996882173
29,28,27,8.150079751400114,2.1342454892014153,157.6038658751031
28,34,22,5.497106439047785,-6.627674960763617,156.51747387854755
27,7,28,14.903243997698738,12.9569337558294,162.66412660788228
35,31,21,14.757922062656176,-10.581211962961563,158.67577803613187
7,12,18,0.326989773834676,0.8411352003931308,169.87088499274154
29,23,36,3.089758454770529,12.457586051535293,154.98338140624182
3,30,36,-24.97182378152968,5.63175032571609,160.8568880134093
15,13,33,-6.213285318067533,19.948640255556615,164.22411819915916
31,29,22,5.6083573363836905,-5.235564840847749,161.46627526686254
27,2,28,18.645072494165742,21.16704435647821,164.04645779304653
32,29,21,13.440168657919896,-7.921776873964925,162.39735394023728
10,33,12,-4.044702461377861,-16.428074096045513,162.9782796607918
31,36,1,20.66372749238976,-36.236376730487656,157.23280294066754
7,9,34,-5.256327904295404,7.784790991609485,182.2306355441955
12,3,5,6.580417932018655,8.587598437908378,173.48929724848847
30,16,27,13.87617749243327,13.114379703284028,157.2893902200379
1,12,17,-7.330979589908782,7.0403654334335934,170.83017101277
3,16,8,-14.157717095521217,-8.186483668576393,169.1621703778093
21,29,26,-7.139538954770852,-5.490677235083807,157.87874060810424
15,24,8,-0.5529782169753192,-16.7494073544669,164.3677440394603
21,18,3,14.698302945458197,-18.87111684262531,164.20041346823223
5,15,17,-8.867203728916099,-2.9662586629006915,171.03484290431396
27,1,9,27.448794335163264,9.27270710964168,170.79396230254108
36,8,27,26.626581380831215,20.7192589318953,154.36210919903786
6,0,29,3.331840662060826,31.012774515969305,166.15809867100526
22,1,22,14.839010887695817,26.539632205477673,162.39575513859248
7,33,0,-6.612403223712856,-27.18954559353243,180.37780371592106
2,12,13,-12.033749492384473,-9.689354389369637,171.47369767196395
6,27,15,-20.10354898299924,-14.718497397275797,162.36934776546812
2,32,16,-26.281674686185063,-17.154055543058906,158.99486018969154
2,32,29,-33.62553258548009,-6.362532186619213,155.96985170593013
26,5,17,7.697156793849406,8.425563502160275,176.56646912945862
17,10,9,13.11421696329668,1.8455503414128733,167.19737415060715
19,18,5,14.506459108521808,-14.57240515487998,164.83475472230276
7,17,17,-8.838337774819536,-4.657428289394675,168.78525545673511
18,11,32,-3.2659294371049117,20.942619198913295,162.20397925813919
32,15,10,24.0930380850246,-1.7548729917689823,167.23300216619663
9,20,0,7.775187012043149,-23.389155927081752,170.38568582227487
6,17,6,-5.800471202886225,-19.145017696436433,167.85832856306027
18,26,17,-4.564369600365686,-11.788516769428151,160.80805433684588
15,20,15,-1.6663013811987502,-7.629267457264477,163.75306522855422
15,1,14,10.423172513971197,11.597311223118778,169.6847578781026
29,21,4,24.64513500172034,-16.58414083622095,164.07086583392731
21,12,28,8.176163056619199,12.52723250580654,167.7387135216838
17,2,29,6.973962139764194,25.116697385853733,161.2947238361379
18,18,2,11.52110415237976,-7.365813291766864,173.40139840507695
28,6,3,33.410039826633735,-5.982696343638336,164.16723604934856
30,30,19,11.008090715223021,-14.798502735105679,159.39970409703758
1,0,15,-4.337780220614242,8.276997306994856,175.3911580370155
30,14,18,18.994889142328866,6.911212438018556,162.22533509360588
8,17,4,3.61733567175231,-10.504022145424187,171.65735512293875
15,14,4,8.884899859209245,-14.761293112695064,166.8715472390937
15,23,35,-15.830742391416079,10.908897225053128,163.1379182352274
29,14,16,18.646668867374764,1.1312976320296284,168.67701661676713
23,25,12,8.940838808696439,-12.881551090352751,162.60061045855477
15,5,28,2.4207764409577557,18.96804536587033,168.48372349385355
22,16,22,7.239150716428691,6.496157128732725,163.11161924901725
1,9,32,-18.671601688032876,23.8715664066804,166.098630050898
36,1,6,34.960686317621075,9.287426478433716,177.85772645361163
22,4,5,31.33829296269991,2.6798886481143853,165.24405100163145
9,22,22,-10.53132252578169,-1.1516049897559335,170.75288230814624
7,17,24,-15.99755217056145,5.446923537625101,163.34131962038887
31,12,12,21.35721284354984,0.40604812645903793,168.07191419294276
24,13,8,20.717179730812077,-5.694518760529508,163.4675337998243
22,19,6,17.1892352432373,-15.158451134490544,162.5664976783285
25,35,8,8.660818225764686,-29.93128288862185,156.39566584244176
8,8,15,-0.4298211738628794,-4.984824142700729,173.76535073131578
13,36,26,-20.12684987256135,-9.97915747313794,158.1197494498711
31,0,31,17.711230773192828,28.64266985603863,175.097757811998
26,9,23,15.102230958969631,17.18339036926025,162.00663343422187
0,32,24,-25.707498408605044,-4.010690541520274,169.17538217945287
15,7,34,-5.442890428483106,25.935286777028285,168.43265536533016
35,36,24,7.017738235726971,-12.192967908915056,163.1516069547189
2,15,8,-3.0736666743898886,-10.690518992718092,171.02974160797015
5,1,33,-16.168204304409265,32.75935924359312,168.90207717900864
4,7,21,-14.71757479927329,20.54745140116979,167.18285059327576
10,36,34,-29.076968779384366,-1.3952332438556736,155.7122525675125
0,13,3,-17.473406297971838,-8.36851734332643,173.00873339275228
15,23,8,0.8167193162018955,-20.00589102282441,164.7420045074692
10,30,16,-12.639103731738217,-17.978246729544814,161.18014825807137
10,13,19,-7.3760474095386055,1.7041928411936347,168.2516878404053
21,8,30,4.255780202848878,23.73354166013667,161.3757584377355
31,25,13,17.33452030977182,-8.542653322612425,165.4893462492314
32,21,6,26.66881853619533,-12.544610705357023,158.4994731803601
16,2,0,25.24404154721383,-8.289185864047317,168.48565831656703
16,9,21,5.293601189871957,13.290364929631389,167.65942229050356
7,16,33,-19.31857957579495,18.220521391489726,161.4613215264485
6,12,16,-12.45014063067311,7.962771243086636,168.402468017623
3,0,3,-0.018598052647137406,3.3245754715469134,174.4621073329369
20,25,9,7.875989931277504,-20.120465775809112,163.39220397987222
11,21,33,-14.78326450196791,9.523289352312812,166.54519606710306
18,18,6,6.122297141313943,-9.934560343690427,171.72418453819068
15,2,15,11.273553554553992,10.504946932956424,169.8138282546052
30,27,19,14.014683125672596,-9.563773509888758,159.20414115595727
33,10,32,19.687616025340656,21.049522810506563,160.4262989247168
8,18,18,-2.400922630790079,4.555524996893139,171.52374639774143
28,14,10,22.008961038772437,-4.020354502246258,165.28475692356844
3,21,7,-6.811299217462895,-18.089113182615524,173.11732470927527
29,26,19,11.233774048563461,-10.293670776894782,160.164133158699
35,23,35,6.797842093818605,6.519365653563525,155.2966690173357
13,15,12,6.771234713143553,-0.1484841312651658,167.17665848947766
14,36,14,-10.95999287472156,-23.848312261605685,161.2683661412156
13,13,18,-1.9778994990843024,-0.532910900508819,170.6882898250374
29,14,35,9.351454847424515,20.79208402986819,157.02170782039155
33,1,18,28.640138550346606,18.496022966264785,159.8119658065481
24,3,17,24.062959103763866,17.229151504864372,161.92789957967105
17,10,33,0.8577331668820529,25.24091186154459,161.12573016039698
26,35,13,7.285844305330374,-19.258903296551406,168.7567348609275
9,33,35,-21.020683423135235,3.4033681616601275,163.913780682855
2,10,16,-15.880881192530019,4.425471726590075,169.28152818300163
10,13,6,-0.8566170069078864,-6.311019976084589,170.00447354397488
0,30,19,-29.274409032587513,-14.261617714586933,163.31640959625125
16,27,17,-5.994363398284961,-12.22915002859889,164.9852932198942
36,22,18,18.671166239142813,-7.028828795410197,158.9316561094987
22,32,30,-4.396739851173318,-6.892743521272092,160.34191910293185
8,11,26,-6.185799703491129,10.222335698098547,166.1749889027268
10,21,11,-7.381975952913799,-7.054962970844665,167.81132309245962
24,28,3,12.869045694259786,-27.998236136290185,162.00144551909068
5,4,26,-5.328664592383382,10.151858324272885,177.97190915573552
22,12,13,12.315474862032513,3.961075306888111,167.2066663289989
8,19,9,-3.5567792712056483,-9.79819763730251,168.96285123925537
0,21,12,-21.437164540555766,-13.402208369864864,165.89933069913477
31,29,6,16.797054100901704,-26.806930365014345,164.19613201563382
7,27,29,-17.747019791002387,-5.3355459034036095,170.3854320876417
2,8,18,-15.75191087689105,6.729175434806947,169.0162947543446
16,34,12,-9.336131541692614,-21.893071418787176,163.11068703540246
14,12,8,5.422215384597304,-8.721073935727661,170.5304523613716
10,32,24,-19.85073219455236,-9.72675016494138,161.25574774075977
34,30,13,20.852745337332085,-15.6132345365567,165.31410292282428
16,13,21,5.354568063324422,2.1317140244105772,168.33926632068955
16,11,29,-0.8496421401212875,18.46007225193946,161.77270210972978
25,35,1,10.039317485665993,-29.01510949177778,171.00345116163567
32,21,31,12.62242367174284,7.216964619458233,164.5852368292769
20,17,16,10.118011382403532,-3.8439302694033515,165.3051019839628
27,6,1,31.7050902890591,-5.351878955179979,165.06711894788413
13,7,11,12.905996064802888,1.5280536619444653,170.5456983114647
30,30,25,6.3180597027444785,-6.214134370262254,155.94104738775445
31,34,29,6.613418621798007,-3.5031048034905665,153.92290610058183
36,13,5,29.527621920633965,-8.58415615667462,161.76713229033646
32,18,0,30.80892697981389,-20.098570351090842,158.4964853597369
34,5,14,35.57808824863088,2.798328219089724,160.56489668502456
17,2,30,11.636185248394717,26.80710933484781,165.6913904391241
1,33,22,-24.998599896492948,-6.365881397724797,172.19514567091426
33,8,32,15.922404122205476,24.880819744814207,171.23680712691606
26,35,4,9.576222854342475,-22.671326994800953,174.16806744084698
13,9,35,-4.400177392753546,13.655036578034645,174.01394192416282
18,35,9,-4.677132150790572,-22.51580069767859,172.27518896921524
35,14,32,18.87087952041801,15.804177809284345,169.40202042953104
10,17,12,5.841812755469006,-1.701783799411844,172.72558754138853
10,25,3,-2.089331805067203,-24.20776666987853,165.8214558869656
6,27,0,-9.720016675192761,-34.79346083867238,162.18873142800254
6,2,25,-11.952525043493132,14.004310335169597,179.72705353521508
27,24,24,5.56519847035745,1.3439076281644446,161.01007360176217
20,17,30,0.7266261527639346,14.172599184985666,160.71280273665243
29,34,6,15.228789162960986,-25.98173757235497,166.42059683251603
13,21,36,-9.487660598687711,7.5332319752675705,170.77294842749356
36,17,5,27.519576039789307,-8.11771289861057,171.44900411939057
20,12,20,14.727801816739051,2.235037044571694,167.42743426927095
29,17,27,15.501937892144715,7.328465123955375,157.6264597484548
27,30,33,0.17693195592693764,2.9435868385105337,156.29727215463885
32,32,26,14.153713636509753,-3.2958274699428736,155.9057566231685
32,27,18,10.974696321573548,-7.2145069212134665,157.33081525872518
30,1,26,22.937489852628666,18.30552375406798,162.54449810102702
32,23,2,28.15142559250358,-15.902571937132477,166.44727744661938
12,33,28,-7.566575392904292,-7.881517865231082,166.43473873987256
12,8,22,-0.8137137449368586,7.950002285258085,168.35298021321395
34,17,11,26.69444229027597,-3.7893820187805116,162.5220247371013
33,12,22,22.865879399130627,8.486736070350036,158.69358788469356
30,0,13,33.739997917616094,12.8661979747871,159.74351628111847
16,16,8,13.211774623747807,-4.675067814860207,170.47806797212752
7,9,17,-6.323668768270334,5.787371053822118,169.52115365568565
22,1,2,24.120135817370738,2.130488761807077,171.64694415885893
28,18,15,19.73445205691812,-3.4763086266590797,160.07945281692233
31,3,33,22.00959316120337,27.69190712345678,158.87070176241312
33,0,15,35.41788798145234,17.05092235200981,159.54695297095995
2,31,36,-24.313006792162163,4.847350525048894,178.27071048081467
1,1,35,-18.348200694196173,32.031697376248395,165.5266370397587
2,31,1,-16.923281762273398,-21.805722002904,183.68808931905113
12,29,27,-16.64568192962124,-8.226848870735509,161.09179540794256
13,12,4,2.5500365139092356,-10.625424778024508,171.29362703973229
17,6,16,11.240244772958519,9.822186345450762,167.51033116077437
13,35,24,-16.21419744841662,-11.790440759930165,163.20930650373032
28,28,4,17.75033581482377,-21.131770884095918,166.00474112422503
26,29,30,-2.3966298893455917,-4.248478687967946,160.8652087605495
19,13,26,6.439472316194425,6.6147244369812706,162.99781627127223
15,4,28,2.0042054688255835,25.710354196766964,162.4355837259917
5,17,13,-9.730177708172256,2.564413206464362,171.3976564677057
7,20,26,-19.137925071302377,5.075347964519366,161.83698521637794
21,5,36,1.3749104293000038,28.97742308262256,161.73592347245182
13,35,1,-0.5111350475969997,-22.539690715840802,179.94699862911614
8,28,5,-3.8712884723594305,-24.334430356693222,164.27250392171297
35,18,17,24.127243114773535,-6.410098830839207,162.98871070192118
20,16,24,4.771706780433213,3.415955664797229,164.86857480813288
24,36,29,-2.1789378556466934,-7.67122607383968,155.77638235891374
2,12,17,-10.930003309037412,2.3698858054198153,168.67282344713942
24,31,21,-0.6833273050448364,-11.499330476444408,159.2701453119372
34,0,23,27.826345637645623,19.003590012521688,166.41616511532607
8,20,4,5.454988538205312,-6.7060243091354454,177.38192520751727
17,30,25,-7.255413690819187,-8.756894371803426,159.23817487373552
24,35,12,2.58326500475936,-25.20275123836946,158.44251708051274
2,22,3,-9.469001844957436,-25.53548182040482,166.85449566776526
29,5,24,18.257904208752063,17.375643703173967,172.68184197563986
28,27,24,7.096349773302163,-5.848337971905082,161.51229268342144
22,9,7,20.471428565389502,-2.674847958812295,166.60693168318193
28,20,19,14.064734549693894,-2.7699446549909896,159.41451271723943
31,1,8,35.073731954077445,6.081474524746343,162.67674561054736
25,36,23,-0.39134140411475793,-13.631236133082982,165.61875701072802
22,25,6,16.098419087316497,-18.199885128061496,163.34827398491544
28,9,17,21.529727146779464,3.5365675507262053,163.49882025068925
26,6,3,31.69074206672247,-1.8381004467208089,163.39972367768735
14,15,9,9.870240543209377,-7.335950678905649,169.11970987688733
13,9,1,10.578451696576785,-10.936422762030954,168.98735415005254
27,14,24,12.480612895886626,9.663876763442849,161.22529322319406
25,3,30,14.938346539618975,24.048039006546464,158.54029692231174
30,27,9,18.95521263789769,-10.82838471419909,166.81429279648836
19,12,36,2.658744741024031,20.282590164443885,166.70041226602413
33,4,1,35.1636002625059,3.306534972969643,171.75407725281596
9,36,31,-12.600155626994326,-10.428690421126467,173.51933511746242
8,30,12,-7.036192552696438,-18.067594845293886,164.88002775611315
21,20,30,-4.198968443585209,7.328209437825713,162.81707433659034
2,26,28,-26.310114932779843,-0.4909802154112644,162.34733968427577
13,7,8,-0.08707712100144925,0.9579497753079524,174.64864261471672
22,5,35,7.158930901259538,33.085918780674284,160.69874873927296
23,31,9,10.92443639069663,-15.317206573306894,175.35371726539637
4,15,30,-13.60910814846682,8.876409949932027,171.1630283360026
1,22,31,-28.574126235823734,4.805611032165532,160.36365163695518
19,15,8,1.4612242398920439,-2.8121096475556397,172.79258503243537
3,29,19,-23.075063987358018,-12.818348815479538,164.92894804043536
7,24,29,-19.855561673323677,2.0324078042832436,161.31669709192957
29,26,20,5.216457447977842,-7.6249203470364115,162.41911615262381
17,22,18,-1.0701730032164023,-5.897972450668452,162.97961292396582
24,35,3,9.496180554117961,-33.51587722196737,160.0312052875615
30,29,25,7.368654573673617,-6.197072566570819,161.46431140272867
4,20,15,-10.720296015859752,-8.526179712001452,167.50638415160657
2,34,0,-21.123212396873775,-36.16926411512423,162.5520224456434
21,4,31,1.0278342263560991,17.51868765740875,182.90274492242247
22,14,7,16.674969761441066,-0.8953408239844675,169.19066358182445
32,23,5,28.782608841928997,-17.841360795916263,157.8561497420137
3,23,24,-13.514014898870503,-7.838283283392449,174.47080196096078
32,27,11,16.659673412222485,-18.674761030443452,163.90918944597374
0,13,16,-7.294931264235046,-5.099081594642909,175.54528239845325
13,36,24,-20.53651773978526,-14.499907360582732,157.05192839633594
14,26,30,-13.830248796780614,3.8442163051571305,161.23066818290437
22,30,0,7.3838964973158125,-27.471084035930502,168.4023322750948
34,14,36,14.138420788443938,16.22064943374075,166.19843140081932
1,3,13,0.023839739022740662,14.98735121425217,173.06927497207576
0,24,2,-18.654931314776274,-22.39556297672929,172.7833657769482
0,21,6,-21.211162891799635,-22.689849663015384,165.1694074678696
5,24,20,-22.982057259931487,-8.143803480050398,162.27546448219744
0,24,3,-19.625564009732187,-21.93523898171161,166.29773904965
34,14,22,21.123034251667285,4.846252828583655,169.782538736686
0,7,3,5.2490767572208465,0.7002520933874726,176.15820126367825
7,25,17,-18.78188607509893,-9.560654572174768,164.228792203901
17,7,27,-2.0005938843512605,18.221288896277674,168.29408866714903
35,12,4,34.30951411631718,-5.668646821700479,167.6655865703886
16,28,7,9.370406578967213,-24.242296828955705,167.07006617390454
34,15,13,30.18969984906657,-5.6777284196866376,162.64754041152983
35,27,3,24.991594295345088,-26.471359477440643,157.51994974419458
26,1,8,30.43835804292617,-2.192201502476541,167.9907586970705
13,3,22,9.036501658634272,21.761290178394358,168.64383524773683
28,22,25,9.87129551713392,4.3720379849967355,159.52362744610852
34,19,34,12.760534335420676,17.406160275622256,154.42839590419143
4,13,32,-10.469698562319115,17.854081160648175,165.17338113449233
0,28,24,-28.808151397968555,1.49148498032093,162.3046252009896
3,16,2,-15.791641113441933,-13.026697139564188,171.7851746897707
9,31,36,-28.90964037408807,2.7680115779990135,156.45731733033264
11,10,10,-5.432732571553514,0.5423625950967448,174.13289816200114
11,33,25,-20.257600243253783,-8.990945325315137,159.27414754069974
2,34,14,-21.37695500998943,-19.915801030652077,160.1365005868553
33,26,11,13.945860782395444,-19.344717600359868,164.3957337320351
29,29,2,14.73197899064891,-32.098237978477066,156.65821072933548
12,23,29,-10.01673361000923,-2.8333923134611023,169.73802657020605
13,13,24,-5.025249180178337,5.679815770747617,164.34787919670708
1,36,18,-30.3264088590839,-15.723843627807435,162.88955927256194
13,13,6,-1.8622328484872486,-8.39077329075916,175.458188918256
26,10,29,13.548220169918483,20.01324033758645,161.83450111968858
9,33,36,-22.457513068865293,2.367961386388087,164.09682719327105
22,15,28,5.118032493267627,15.529721475682294,166.94759505322023
31,18,9,20.81256778857459,-6.904777311353849,163.87399792494318
9,11,24,-1.671799442709648,7.166838155421434,170.2016178550944
25,7,22,15.348320472532198,14.813371570051741,163.19155673028246
12,34,27,-18.370371810343602,-4.286362700861245,165.68451028652456
8,9,31,-11.720099468439432,22.207579999830465,166.75917746666576
1,33,15,-26.563702808563935,-14.940805427853789,170.5015165450243
7,4,32,-14.086206139288104,22.66559293162746,173.58991429527057
23,3,22,10.651493796082509,21.996196004787365,165.2759772158465
32,7,17,28.554477515290976,15.702561921596688,158.92430430276164
3,22,11,-4.331477113536489,-7.2179883915397784,176.76692686531936
28,4,1,30.2441077415472,-5.98786347645952,171.2612107996242
27,32,19,5.534470367589002,-16.8252342681405,161.63132707253988
24,3,10,24.129911375518166,4.008932596560902,170.39087970901124
22,26,15,5.66918542264152,-10.992003875734515,164.38255722343422
13,23,6,3.7462691307085745,-18.544239283779586,164.25329947053714
